Campaign,Ad Group,Keyword,Match Type,Max CPC,Final URL,Final URL suffix
LF | Search | Local Web Design,Web Design Essex,web design essex,Phrase,2.20,https://grow.launchflow.co.uk/,utm_source=google&utm_medium=cpc&utm_campaign=local-web-design&utm_content={adgroupid}&utm_term={keyword}
LF | Search | Local Web Design,Web Design Essex,website design essex,Phrase,2.20,https://grow.launchflow.co.uk/,utm_source=google&utm_medium=cpc&utm_campaign=local-web-design&utm_content={adgroupid}&utm_term={keyword}
LF | Search | Local Web Design,Web Design Essex,website designers essex,Phrase,2.20,https://grow.launchflow.co.uk/,utm_source=google&utm_medium=cpc&utm_campaign=local-web-design&utm_content={adgroupid}&utm_term={keyword}
LF | Search | Local Web Design,Web Design Essex,web design agencies essex,Phrase,2.00,https://grow.launchflow.co.uk/,utm_source=google&utm_medium=cpc&utm_campaign=local-web-design&utm_content={adgroupid}&utm_term={keyword}
LF | Search | Local Web Design,Web Design Essex,web development essex,Phrase,2.00,https://grow.launchflow.co.uk/,utm_source=google&utm_medium=cpc&utm_campaign=local-web-design&utm_content={adgroupid}&utm_term={keyword}
LF | Search | Local Web Design,Web Design Essex,website development essex,Phrase,2.00,https://grow.launchflow.co.uk/,utm_source=google&utm_medium=cpc&utm_campaign=local-web-design&utm_content={adgroupid}&utm_term={keyword}
LF | Search | Local Web Design,Web Design Essex,[web design essex],Exact,2.60,https://grow.launchflow.co.uk/,utm_source=google&utm_medium=cpc&utm_campaign=local-web-design&utm_content={adgroupid}&utm_term={keyword}
LF | Search | Local Web Design,Web Design Essex,[website design essex],Exact,2.60,https://grow.launchflow.co.uk/,utm_source=google&utm_medium=cpc&utm_campaign=local-web-design&utm_content={adgroupid}&utm_term={keyword}
LF | Search | Local Web Design,Web Design Towns,web design grays,Phrase,2.20,https://grow.launchflow.co.uk/,utm_source=google&utm_medium=cpc&utm_campaign=local-web-design&utm_content={adgroupid}&utm_term={keyword}
LF | Search | Local Web Design,Web Design Towns,web design thurrock,Phrase,2.20,https://grow.launchflow.co.uk/,utm_source=google&utm_medium=cpc&utm_campaign=local-web-design&utm_content={adgroupid}&utm_term={keyword}
LF | Search | Local Web Design,Web Design Towns,website design southend,Phrase,2.00,https://grow.launchflow.co.uk/,utm_source=google&utm_medium=cpc&utm_campaign=local-web-design&utm_content={adgroupid}&utm_term={keyword}
LF | Search | Local Web Design,Web Design Towns,chelmsford web design,Phrase,2.00,https://grow.launchflow.co.uk/,utm_source=google&utm_medium=cpc&utm_campaign=local-web-design&utm_content={adgroupid}&utm_term={keyword}
LF | Search | Local Web Design,Web Design Towns,web design basildon,Phrase,2.00,https://grow.launchflow.co.uk/,utm_source=google&utm_medium=cpc&utm_campaign=local-web-design&utm_content={adgroupid}&utm_term={keyword}
LF | Search | Local Web Design,Web Design Towns,web design romford,Phrase,2.00,https://grow.launchflow.co.uk/,utm_source=google&utm_medium=cpc&utm_campaign=local-web-design&utm_content={adgroupid}&utm_term={keyword}
LF | Search | Local Web Design,Web Design Towns,web design colchester,Phrase,1.80,https://grow.launchflow.co.uk/,utm_source=google&utm_medium=cpc&utm_campaign=local-web-design&utm_content={adgroupid}&utm_term={keyword}
LF | Search | Local Web Design,Web Design Near Me,web designer near me,Phrase,1.80,https://grow.launchflow.co.uk/,utm_source=google&utm_medium=cpc&utm_campaign=local-web-design&utm_content={adgroupid}&utm_term={keyword}
LF | Search | Local Web Design,Web Design Near Me,website designer near me,Phrase,1.80,https://grow.launchflow.co.uk/,utm_source=google&utm_medium=cpc&utm_campaign=local-web-design&utm_content={adgroupid}&utm_term={keyword}
LF | Search | Local Web Design,Web Design Near Me,local web design company,Phrase,1.80,https://grow.launchflow.co.uk/,utm_source=google&utm_medium=cpc&utm_campaign=local-web-design&utm_content={adgroupid}&utm_term={keyword}
LF | Search | Business Systems,Website With Booking,website with booking system,Phrase,3.00,https://grow.launchflow.co.uk/,utm_source=google&utm_medium=cpc&utm_campaign=business-systems&utm_content={adgroupid}&utm_term={keyword}
LF | Search | Business Systems,Website With Booking,booking system for website,Phrase,3.00,https://grow.launchflow.co.uk/,utm_source=google&utm_medium=cpc&utm_campaign=business-systems&utm_content={adgroupid}&utm_term={keyword}
LF | Search | Business Systems,Website With Booking,online booking system small business,Phrase,2.80,https://grow.launchflow.co.uk/,utm_source=google&utm_medium=cpc&utm_campaign=business-systems&utm_content={adgroupid}&utm_term={keyword}
LF | Search | Business Systems,Website With Booking,appointment booking website,Phrase,2.80,https://grow.launchflow.co.uk/,utm_source=google&utm_medium=cpc&utm_campaign=business-systems&utm_content={adgroupid}&utm_term={keyword}
LF | Search | Business Systems,Custom Web App,custom web application development,Phrase,3.20,https://grow.launchflow.co.uk/,utm_source=google&utm_medium=cpc&utm_campaign=business-systems&utm_content={adgroupid}&utm_term={keyword}
LF | Search | Business Systems,Custom Web App,bespoke web application uk,Phrase,3.20,https://grow.launchflow.co.uk/,utm_source=google&utm_medium=cpc&utm_campaign=business-systems&utm_content={adgroupid}&utm_term={keyword}
LF | Search | Business Systems,Custom Web App,custom software for small business,Phrase,3.00,https://grow.launchflow.co.uk/,utm_source=google&utm_medium=cpc&utm_campaign=business-systems&utm_content={adgroupid}&utm_term={keyword}
LF | Search | Business Systems,Custom Web App,bespoke business software uk,Phrase,3.00,https://grow.launchflow.co.uk/,utm_source=google&utm_medium=cpc&utm_campaign=business-systems&utm_content={adgroupid}&utm_term={keyword}
LF | Search | Business Systems,Website And CRM,website with crm,Phrase,2.80,https://grow.launchflow.co.uk/,utm_source=google&utm_medium=cpc&utm_campaign=business-systems&utm_content={adgroupid}&utm_term={keyword}
LF | Search | Business Systems,Website And CRM,crm for small business uk,Phrase,2.60,https://grow.launchflow.co.uk/,utm_source=google&utm_medium=cpc&utm_campaign=business-systems&utm_content={adgroupid}&utm_term={keyword}
LF | Search | Business Systems,Website And CRM,customer management system small business,Phrase,2.60,https://grow.launchflow.co.uk/,utm_source=google&utm_medium=cpc&utm_campaign=business-systems&utm_content={adgroupid}&utm_term={keyword}
LF | Search | Rebuild And Improve,Website Redesign,website redesign company,Phrase,2.40,https://grow.launchflow.co.uk/,utm_source=google&utm_medium=cpc&utm_campaign=rebuild-improve&utm_content={adgroupid}&utm_term={keyword}
LF | Search | Rebuild And Improve,Website Redesign,website redesign uk,Phrase,2.40,https://grow.launchflow.co.uk/,utm_source=google&utm_medium=cpc&utm_campaign=rebuild-improve&utm_content={adgroupid}&utm_term={keyword}
LF | Search | Rebuild And Improve,Website Redesign,rebuild my website,Phrase,2.20,https://grow.launchflow.co.uk/,utm_source=google&utm_medium=cpc&utm_campaign=rebuild-improve&utm_content={adgroupid}&utm_term={keyword}
LF | Search | Rebuild And Improve,Website Redesign,improve my website,Phrase,2.00,https://grow.launchflow.co.uk/,utm_source=google&utm_medium=cpc&utm_campaign=rebuild-improve&utm_content={adgroupid}&utm_term={keyword}
LF | Search | Rebuild And Improve,Replace WordPress,wordpress alternative for business,Phrase,2.40,https://grow.launchflow.co.uk/,utm_source=google&utm_medium=cpc&utm_campaign=rebuild-improve&utm_content={adgroupid}&utm_term={keyword}
LF | Search | Rebuild And Improve,Replace WordPress,move away from wordpress,Phrase,2.20,https://grow.launchflow.co.uk/,utm_source=google&utm_medium=cpc&utm_campaign=rebuild-improve&utm_content={adgroupid}&utm_term={keyword}
LF | Search | Rebuild And Improve,Replace WordPress,slow website fix,Phrase,2.00,https://grow.launchflow.co.uk/,utm_source=google&utm_medium=cpc&utm_campaign=rebuild-improve&utm_content={adgroupid}&utm_term={keyword}
